fold,model_name,feature_set,target_date,y_true_log,y_pred_log,y_true_sigma,y_pred_sigma
1,LSTM,extended,2019-09-02,-3.825889825820923,-3.8988521099090576,0.021799022029623798,0.020265150276373056
1,LSTM,extended,2019-09-03,-3.451200485229492,-3.818387269973755,0.031707536401436254,0.02196318304849728
1,LSTM,extended,2019-09-04,-3.6775617599487305,-3.6914169788360596,0.025284537637754814,0.024936632301806518
1,LSTM,extended,2019-09-05,-3.549194812774658,-3.7333643436431885,0.028747770790370625,0.023912241324984793
1,LSTM,extended,2019-09-06,-3.4728946685791016,-3.690784215927124,0.031027080892948627,0.02495241627735899
1,LSTM,extended,2019-09-07,-3.6823668479919434,-3.564798593521118,0.025163336819764414,0.028302675254362242
1,LSTM,extended,2019-09-08,-3.74507474899292,-3.770716428756714,0.02363385087505961,0.02303554404074062
1,LSTM,extended,2019-09-09,-3.661726236343384,-3.8406126499176025,0.025688119033148042,0.021480427324876563
1,LSTM,extended,2019-09-10,-3.9765195846557617,-3.775635242462158,0.0187507771072824,0.022922514654951338
1,LSTM,extended,2019-09-11,-3.5565671920776367,-3.7455508708953857,0.02853660991105497,0.023622602453102666
1,LSTM,extended,2019-09-12,-3.917449712753296,-3.6964235305786133,0.019891749068882567,0.02481209771638711
1,LSTM,extended,2019-09-13,-3.934556484222412,-3.7289376258850098,0.019554357864806162,0.024018328748865538
1,LSTM,extended,2019-09-14,-4.18422269821167,-3.8340718746185303,0.015234035750214902,0.021621386527439883
1,LSTM,extended,2019-09-15,-4.270183563232422,-3.962852954864502,0.013979208165488439,0.0190087955939289
1,LSTM,extended,2019-09-16,-4.031612873077393,-4.023562908172607,0.01774567340019646,0.017889103989079235
1,LSTM,extended,2019-09-17,-4.055713176727295,-3.9021637439727783,0.01732310843848542,0.020198150481927604
1,LSTM,extended,2019-09-18,-4.257013320922852,-3.888171911239624,0.014164537320860655,0.02048274612929695
1,LSTM,extended,2019-09-19,-3.269191026687622,-3.8734395503997803,0.038037174544400185,0.020786739253523107
1,LSTM,extended,2019-09-20,-3.7060089111328125,-3.7494804859161377,0.024575401779964895,0.023529956830411293
1,LSTM,extended,2019-09-21,-3.9005422592163086,-3.7592108249664307,0.020230927579263366,0.023302112573921216
1,LSTM,extended,2019-09-22,-3.9512741565704346,-3.862257242202759,0.01923017535450397,0.02102048757725778
1,LSTM,extended,2019-09-23,-3.8511273860931396,-3.961482524871826,0.02125574946201984,0.01903486368940989
1,LSTM,extended,2019-09-24,-3.5645594596862793,-3.9090120792388916,0.028309444782840525,0.02006029927160573
1,LSTM,extended,2019-09-25,-2.1278975009918213,-3.6443850994110107,0.11908739915664543,0.026137466863523223
1,LSTM,extended,2019-09-26,-2.9364025592803955,-3.2770345211029053,0.05305624406057725,0.03773999822501225
1,LSTM,extended,2019-09-27,-3.2089662551879883,-3.3752477169036865,0.04039834424346042,0.034209632955135766
1,LSTM,extended,2019-09-28,-3.61146879196167,-3.445843458175659,0.02701212987562881,0.03187785305590051
1,LSTM,extended,2019-09-29,-3.299715280532837,-3.6342697143554688,0.03689365842283177,0.026403199233168476
1,LSTM,extended,2019-09-30,-3.2279605865478516,-3.6370999813079834,0.03963824991993294,0.026328576753218022
1,LSTM,extended,2019-10-01,-3.3704488277435303,-3.528012990951538,0.03437419821574011,0.029363192889275847
2,LSTM,extended,2019-12-01,-3.5127859115600586,-3.5874433517456055,0.02981373206447531,0.027668969921024595
2,LSTM,extended,2019-12-02,-3.402165412902832,-3.6572327613830566,0.03330107378217073,0.025803809344998502
2,LSTM,extended,2019-12-03,-3.904505968093872,-3.5915486812591553,0.020150896280257007,0.027555612485166425
2,LSTM,extended,2019-12-04,-2.71284818649292,-3.7054691314697266,0.06634756105331732,0.024588669338147007
2,LSTM,extended,2019-12-05,-3.2238781452178955,-3.4088828563690186,0.03980039533081811,0.03307812276799915
2,LSTM,extended,2019-12-06,-3.3479833602905273,-3.5155134201049805,0.03515517059754433,0.02973252375407447
2,LSTM,extended,2019-12-07,-3.994509220123291,-3.5271358489990234,0.01841647318554486,0.029388959885394826
2,LSTM,extended,2019-12-08,-4.0201334953308105,-3.741396903991699,0.01795056247729165,0.023720934095208635
2,LSTM,extended,2019-12-09,-3.929330348968506,-3.8573293685913086,0.019656822469622998,0.021124329582566177
2,LSTM,extended,2019-12-10,-3.882514715194702,-3.802438259124756,0.02059894825439959,0.022316282561868118
2,LSTM,extended,2019-12-11,-4.089641094207764,-3.806882619857788,0.016745230750290076,0.022217320980875147
2,LSTM,extended,2019-12-12,-3.9966866970062256,-3.8626887798309326,0.01837641310981417,0.02101141839857693
2,LSTM,extended,2019-12-13,-4.325290203094482,-3.849900722503662,0.013229699112636278,0.02128183914220374
2,LSTM,extended,2019-12-14,-4.103644847869873,-3.946990728378296,0.016512370886825795,0.019312721673094314
2,LSTM,extended,2019-12-15,-3.9328463077545166,-3.9840073585510254,0.019587829607643072,0.01861089911655397
2,LSTM,extended,2019-12-16,-4.122072696685791,-3.970048427581787,0.01621087004779488,0.018872509162555652
2,LSTM,extended,2019-12-17,-3.461301803588867,-3.9365174770355225,0.031388864972559445,0.01951605167052129
2,LSTM,extended,2019-12-18,-3.176588535308838,-3.7842624187469482,0.041727755362175455,0.022725608586819643
2,LSTM,extended,2019-12-19,-2.9286463260650635,-3.6444754600524902,0.05346935791836671,0.02613510517105081
2,LSTM,extended,2019-12-20,-3.9388506412506104,-3.5692381858825684,0.019470572562834545,0.028177301379473406
2,LSTM,extended,2019-12-21,-4.432462692260742,-3.7829840183258057,0.011885172206089433,0.022754679605433727
2,LSTM,extended,2019-12-22,-3.968088388442993,-3.9612832069396973,0.018909534263877106,0.019038658059202407
2,LSTM,extended,2019-12-23,-3.301957130432129,-3.94454288482666,0.0368110431724983,0.01936005412637061
2,LSTM,extended,2019-12-24,-3.522524118423462,-3.7443666458129883,0.029524807363320586,0.02365059351386831
2,LSTM,extended,2019-12-25,-3.7591230869293213,-3.775486469268799,0.023304154599905046,0.02292592516583412
2,LSTM,extended,2019-12-26,-4.0322418212890625,-3.775425672531128,0.01773452047279661,0.022927319030271034
2,LSTM,extended,2019-12-27,-3.679772138595581,-3.8209900856018066,0.02522871472154464,0.021906091238347993
2,LSTM,extended,2019-12-28,-4.002538681030273,-3.7770419120788574,0.018269189463174122,0.02289029290397338
2,LSTM,extended,2019-12-29,-4.3076934814453125,-3.891904354095459,0.013464562875471684,0.020406437909138223
2,LSTM,extended,2019-12-30,-3.87021541595459,-3.98836612701416,0.020853868323523643,0.018529955009291263
3,LSTM,extended,2020-02-29,-3.557523250579834,-3.504953145980835,0.028509338427079187,0.030048171189248594
3,LSTM,extended,2020-03-01,-3.520491600036621,-3.596820592880249,0.029584876924053097,0.027410723934152764
3,LSTM,extended,2020-03-02,-3.5995302200317383,-3.5889225006103516,0.02733655267995125,0.027628073634090276
3,LSTM,extended,2020-03-03,-3.440491199493408,-3.583822011947632,0.03204892820395807,0.027769350345294704
3,LSTM,extended,2020-03-04,-3.6180076599121094,-3.5192012786865234,0.026836080117982518,0.029623076311706423
3,LSTM,extended,2020-03-05,-3.833986520767212,-3.4983670711517334,0.021623232032006966,0.03024672388278035
3,LSTM,extended,2020-03-06,-3.9316532611846924,-3.560067892074585,0.019611215031713276,0.028436884008916436
3,LSTM,extended,2020-03-07,-3.750485897064209,-3.613246440887451,0.02350630909327652,0.026964157045288026
3,LSTM,extended,2020-03-08,-3.4482293128967285,-3.677823305130005,0.03180188968850387,0.025277927351769935
3,LSTM,extended,2020-03-09,-2.9449095726013184,-3.64408278465271,0.05260680742196172,0.02614536980305125
3,LSTM,extended,2020-03-10,-3.2496254444122314,-3.4450860023498535,0.03878872486468086,0.03190200827608766
3,LSTM,extended,2020-03-11,-3.328763008117676,-3.4479403495788574,0.03583739942026488,0.0318110786726883
3,LSTM,extended,2020-03-12,-1.6656787395477295,-3.4651858806610107,0.18906228205767836,0.03126718291964464
3,LSTM,extended,2020-03-13,-1.0840954780578613,-3.06223201751709,0.3382075402964554,0.046783147771029744
3,LSTM,extended,2020-03-14,-2.0765562057495117,-2.7182464599609375,0.12536119244874397,0.06599035978430719
3,LSTM,extended,2020-03-15,-2.6116549968719482,-2.615757703781128,0.07341293225259966,0.07311236018388997
3,LSTM,extended,2020-03-16,-1.9114118814468384,-2.659599542617798,0.14787145980409083,0.06997622863583597
3,LSTM,extended,2020-03-17,-2.313646078109741,-2.5110743045806885,0.09889997688986821,0.08118096927949128
3,LSTM,extended,2020-03-18,-2.52834153175354,-2.503237724304199,0.0797912263449181,0.08181964980760363
3,LSTM,extended,2020-03-19,-2.5976359844207764,-2.5961930751800537,0.0744493566327427,0.07455686103780555
3,LSTM,extended,2020-03-20,-2.369300603866577,-2.692444086074829,0.0935461226571881,0.0677152250933433
3,LSTM,extended,2020-03-21,-2.3772051334381104,-2.7536392211914062,0.09280960224487958,0.0636956263945091
3,LSTM,extended,2020-03-22,-2.709240198135376,-2.8346588611602783,0.06658737076253361,0.05873855042073898
3,LSTM,extended,2020-03-23,-2.5099122524261475,-2.929596185684204,0.08127536850879925,0.05341859498782805
3,LSTM,extended,2020-03-24,-2.63572096824646,-2.8431599140167236,0.0716672744686419,0.05824132726847599
3,LSTM,extended,2020-03-25,-2.739241361618042,-2.865067958831787,0.06461934855044824,0.056979248756593284
3,LSTM,extended,2020-03-26,-3.21742844581604,-2.972785711288452,0.040057929529892844,0.051160582998129187
3,LSTM,extended,2020-03-27,-3.3959786891937256,-3.078606367111206,0.03350773218835954,0.04602334163271962
3,LSTM,extended,2020-03-28,-2.768244743347168,-3.2333478927612305,0.06277207531664918,0.039425275965220496
3,LSTM,extended,2020-03-29,-3.3987958431243896,-3.205352306365967,0.033413468728468385,0.04054460499541365
4,LSTM,extended,2020-05-29,-3.600261688232422,-3.5284013748168945,0.027316562720000822,0.029351790909354306
4,LSTM,extended,2020-05-30,-3.9012575149536133,-3.455070972442627,0.02021646347447711,0.031585052607496764
4,LSTM,extended,2020-05-31,-3.567775249481201,-3.61733341217041,0.028218555471662767,0.026854180158176415
4,LSTM,extended,2020-06-01,-3.8426406383514404,-3.517622709274292,0.02143690866225236,0.02966987533769131
4,LSTM,extended,2020-06-02,-2.6112349033355713,-3.494898796081543,0.0734437836161133,0.030351810004308977
4,LSTM,extended,2020-06-03,-3.952396869659424,-3.070871353149414,0.019208597810922844,0.046380713255606755
4,LSTM,extended,2020-06-04,-3.740039110183716,-3.4567019939422607,0.023753165252706963,0.03153357868026869
4,LSTM,extended,2020-06-05,-3.7180593013763428,-3.4915411472320557,0.02428103219135778,0.03045389203973629
4,LSTM,extended,2020-06-06,-4.0698699951171875,-3.515176296234131,0.017079597582147794,0.02974254899072215
4,LSTM,extended,2020-06-07,-4.005763530731201,-3.735656499862671,0.018210372120749864,0.023857493478666964
4,LSTM,extended,2020-06-08,-3.86185884475708,-3.777132749557495,0.021028865270904248,0.022888213701008537
4,LSTM,extended,2020-06-09,-3.6723861694335938,-3.680347442626953,0.02541574261861094,0.02521420282082768
4,LSTM,extended,2020-06-10,-4.27952766418457,-3.6620967388153076,0.013849194495976028,0.02567860489269712
4,LSTM,extended,2020-06-11,-3.118028402328491,-3.7795097827911377,0.04424430592259856,0.022833872243923987
4,LSTM,extended,2020-06-12,-3.738363742828369,-3.4793801307678223,0.02379299297645678,0.030826503518883375
4,LSTM,extended,2020-06-13,-4.140927314758301,-3.6561038494110107,0.015908084251487844,0.025832956034509465
4,LSTM,extended,2020-06-14,-4.200311183929443,-3.8158926963806152,0.014990904706930316,0.022018040244105315
4,LSTM,extended,2020-06-15,-3.479137659072876,-3.8670639991760254,0.030833979380808438,0.020919689603705185
4,LSTM,extended,2020-06-16,-3.7208211421966553,-3.6207456588745117,0.0242140636724726,0.02676270319605787
4,LSTM,extended,2020-06-17,-4.180096626281738,-3.593900442123413,0.015297021211056598,0.027490884392945662
4,LSTM,extended,2020-06-18,-4.102912425994873,-3.6848719120025635,0.0165244660820685,0.025100379576153332
4,LSTM,extended,2020-06-19,-4.004222393035889,-3.7148938179016113,0.018238452807821024,0.024358017364172722
4,LSTM,extended,2020-06-20,-4.36125373840332,-3.6447675228118896,0.012762368487013082,0.026127473191759447
4,LSTM,extended,2020-06-21,-4.495785236358643,-3.8326010704040527,0.011155906292282707,0.02165321076645074
4,LSTM,extended,2020-06-22,-4.382079124450684,-3.8880133628845215,0.012499335048519224,0.020485993894046293
4,LSTM,extended,2020-06-23,-4.0701189041137695,-3.8300843238830566,0.017075350609952026,0.021707775067940124
4,LSTM,extended,2020-06-24,-3.776959180831909,-3.709646701812744,0.022892186853372798,0.02448616266407042
4,LSTM,extended,2020-06-25,-3.6588480472564697,-3.6483445167541504,0.025762159731123967,0.026034182292617065
4,LSTM,extended,2020-06-26,-3.756173610687256,-3.606778144836426,0.023372995457133765,0.027139134553598156
4,LSTM,extended,2020-06-27,-4.163143634796143,-3.626713991165161,0.015558557999063522,0.02660345014100888
5,LSTM,extended,2020-08-27,-3.6922004222869873,-3.6470069885253906,0.024917104797331578,0.02606902705745498
5,LSTM,extended,2020-08-28,-4.059998035430908,-3.6484034061431885,0.017249040792608493,0.026032649200080738
5,LSTM,extended,2020-08-29,-4.283663272857666,-3.6375203132629395,0.013792036113358235,0.026317512332404532
5,LSTM,extended,2020-08-30,-4.161887168884277,-3.8297462463378906,0.015578120214881782,0.02171511522332783
5,LSTM,extended,2020-08-31,-4.1803059577941895,-3.8601725101470947,0.015293820273225811,0.021064355392815898
5,LSTM,extended,2020-09-01,-3.896507740020752,-3.740100383758545,0.020312715877119317,0.02375170872483166
5,LSTM,extended,2020-09-02,-3.551569938659668,-3.6303744316101074,0.028679570135738245,0.026506247769811753
5,LSTM,extended,2020-09-03,-3.2098560333251953,-3.5830812454223633,0.04036241319622563,0.02778992857875887
5,LSTM,extended,2020-09-04,-2.77441143989563,-3.4948339462280273,0.062386176885969466,0.03035377837921391
5,LSTM,extended,2020-09-05,-3.14516019821167,-3.36670184135437,0.04306001325540173,0.03450323707166501
5,LSTM,extended,2020-09-06,-2.950014114379883,-3.492595672607422,0.052338962453722375,0.03042179455403748
5,LSTM,extended,2020-09-07,-3.4622018337249756,-3.4679980278015137,0.03136062511235249,0.03117937848983658
5,LSTM,extended,2020-09-08,-3.463433265686035,-3.454073667526245,0.03132203352681926,0.0316165682584641
5,LSTM,extended,2020-09-09,-3.2162604331970215,-3.458683967590332,0.040104742369044835,0.03147114183300705
5,LSTM,extended,2020-09-10,-3.65771746635437,-3.45845890045166,0.02579130375518105,0.03147822575224963
5,LSTM,extended,2020-09-11,-3.9788830280303955,-3.516695499420166,0.018706512756471384,0.029697398305558884
5,LSTM,extended,2020-09-12,-4.335782051086426,-3.5443124771118164,0.013091624572499575,0.02888846717289643
5,LSTM,extended,2020-09-13,-3.9658477306365967,-3.672271966934204,0.018951954676429936,0.025418643952245433
5,LSTM,extended,2020-09-14,-3.8521883487701416,-3.767843008041382,0.021233207406939125,0.023101830067123307
5,LSTM,extended,2020-09-15,-3.734069585800171,-3.6835436820983887,0.023895381561913433,0.025133740814987704
5,LSTM,extended,2020-09-16,-3.7750813961029053,-3.6363773345947266,0.02293521199149123,0.02634760989619075
5,LSTM,extended,2020-09-17,-3.9141416549682617,-3.6074352264404297,0.019957660493326132,0.027121307778427996
5,LSTM,extended,2020-09-18,-4.195559024810791,-3.6393532752990723,0.015062311087696383,0.026269317496230227
5,LSTM,extended,2020-09-19,-4.102220058441162,-3.6886396408081055,0.016535915157947778,0.02500598605158351
5,LSTM,extended,2020-09-20,-4.0340776443481445,-3.83815336227417,0.01770199403150487,0.021533318910118397
5,LSTM,extended,2020-09-21,-3.695404291152954,-3.921172618865967,0.024837400070262382,0.019817832338121132
5,LSTM,extended,2020-09-22,-3.850571870803833,-3.787487030029297,0.021267558710495606,0.022652445325661595
5,LSTM,extended,2020-09-23,-4.2460832595825195,-3.7511205673217773,0.014320200007818487,0.023491397398284552
5,LSTM,extended,2020-09-24,-3.6953437328338623,-3.7583110332489014,0.02483890156345445,0.02332308906663603
5,LSTM,extended,2020-09-25,-3.913935661315918,-3.6217541694641113,0.01996177366646081,0.026735726321911357
6,LSTM,extended,2020-11-25,-3.3251888751983643,-3.532562494277954,0.035965715327775594,0.029229908319247582
6,LSTM,extended,2020-11-26,-2.530325412750244,-3.5303843021392822,0.07963308560752091,0.029293646088898555
6,LSTM,extended,2020-11-27,-2.8705053329467773,-3.292088270187378,0.05667026886779488,0.03717612446628434
6,LSTM,extended,2020-11-28,-3.5355770587921143,-3.298185348510742,0.029141922698523184,0.03695014826004087
6,LSTM,extended,2020-11-29,-3.5092198848724365,-3.5450756549835205,0.02992023789937818,0.028866428537140096
6,LSTM,extended,2020-11-30,-3.0726821422576904,-3.6320106983184814,0.046296806731418436,0.026462911926826843
6,LSTM,extended,2020-12-01,-2.7698183059692383,-3.437142848968506,0.06267337556345869,0.032156419978369544
6,LSTM,extended,2020-12-02,-2.9888601303100586,-3.329460382461548,0.05034478181479426,0.035812414867087965
6,LSTM,extended,2020-12-03,-3.3280677795410156,-3.3510398864746094,0.0358623201175956,0.03504787931844813
6,LSTM,extended,2020-12-04,-3.5611331462860107,-3.4401793479919434,0.028406609508646024,0.03205892510659565
6,LSTM,extended,2020-12-05,-3.6456246376037598,-3.5005133152008057,0.02610509149641517,0.030181876624094585
6,LSTM,extended,2020-12-06,-3.899967670440674,-3.6388370990753174,0.02024255448874177,0.02628288059867217
6,LSTM,extended,2020-12-07,-3.8773574829101562,-3.8165440559387207,0.02070545850457751,0.022003703246405108
6,LSTM,extended,2020-12-08,-3.764285087585449,-3.8334577083587646,0.02318416908156917,0.021634669738308483
6,LSTM,extended,2020-12-09,-3.220737934112549,-3.757277011871338,0.039925578043524895,0.02334721812249185
6,LSTM,extended,2020-12-10,-3.5690131187438965,-3.632549524307251,0.028183640786006305,0.02644865685759967
6,LSTM,extended,2020-12-11,-3.4135942459106445,-3.645402193069458,0.03292264916455151,0.026110896116317336
6,LSTM,extended,2020-12-12,-3.7718966007232666,-3.617701292037964,0.02300837401685804,0.02684430285919888
6,LSTM,extended,2020-12-13,-3.720940351486206,-3.752692699432373,0.02421117908305366,0.02345449481785715
6,LSTM,extended,2020-12-14,-3.7760534286499023,-3.730099678039551,0.022912932469219025,0.023990434397058696
6,LSTM,extended,2020-12-15,-3.8476808071136475,-3.778136968612671,0.02132913547582172,0.022865240447648875
6,LSTM,extended,2020-12-16,-3.245277166366577,-3.772627592086792,0.038957756356187395,0.02299156137698438
6,LSTM,extended,2020-12-17,-2.6418075561523438,-3.5698282718658447,0.07123239043875418,0.02816067924770777
6,LSTM,extended,2020-12-18,-2.9649031162261963,-3.2959346771240234,0.05156545496845364,0.03703340458013545
6,LSTM,extended,2020-12-19,-3.3160531520843506,-3.3004190921783447,0.03629579167530582,0.036867703192864684
6,LSTM,extended,2020-12-20,-3.4727227687835693,-3.3991267681121826,0.031032409342492403,0.033402415291686034
6,LSTM,extended,2020-12-21,-3.336707353591919,-3.476451873779297,0.03555381830781886,0.030916903765507733
6,LSTM,extended,2020-12-22,-3.216996669769287,-3.3943474292755127,0.040075227273145324,0.033562438899036366
6,LSTM,extended,2020-12-23,-3.1496362686157227,-3.3482391834259033,0.04286770702759733,0.035146175634055914
6,LSTM,extended,2020-12-24,-3.1876602172851562,-3.3214094638824463,0.04126830678647082,0.03610190153697415
7,LSTM,extended,2021-02-23,-2.014981269836426,-2.9644715785980225,0.133322895979414,0.051587712100421165
7,LSTM,extended,2021-02-24,-2.4884181022644043,-2.792415142059326,0.08304121364188209,0.06127304194605849
7,LSTM,extended,2021-02-25,-2.8672983646392822,-2.8124895095825195,0.05685230145595613,0.0600552878971503
7,LSTM,extended,2021-02-26,-2.5049283504486084,-2.84116268157959,0.08168144601143738,0.05835776499434691
7,LSTM,extended,2021-02-27,-2.7999045848846436,-2.7963080406188965,0.060815852836125964,0.06103497585462022
7,LSTM,extended,2021-02-28,-2.7290096282958984,-2.879528522491455,0.06528390417556106,0.056161225352365604
7,LSTM,extended,2021-03-01,-2.9434797763824463,-2.8618929386138916,0.05268207999646411,0.05716044655626737
7,LSTM,extended,2021-03-02,-3.01411771774292,-2.892918348312378,0.04908911890557322,0.055414248299690015
7,LSTM,extended,2021-03-03,-3.0491433143615723,-2.9449446201324463,0.047399507642155246,0.0526049629920444
7,LSTM,extended,2021-03-04,-2.81083607673645,-3.0198142528533936,0.06015466339571264,0.048810273890996625
7,LSTM,extended,2021-03-05,-2.891709566116333,-3.0210399627685547,0.055481265984242335,0.0487504832925199
7,LSTM,extended,2021-03-06,-3.0771267414093018,-2.988598585128784,0.04609148556551894,0.05035794968967631
7,LSTM,extended,2021-03-07,-3.304931879043579,-3.109779119491577,0.036701705146795535,0.04461079791004648
7,LSTM,extended,2021-03-08,-3.1938889026641846,-3.143296957015991,0.041012055578864566,0.04314032135983413
7,LSTM,extended,2021-03-09,-3.3286588191986084,-3.1011643409729004,0.03584113062290574,0.044996770285940735
7,LSTM,extended,2021-03-10,-3.1597251892089844,-3.162102699279785,0.04243739456795257,0.04233661622899804
7,LSTM,extended,2021-03-11,-2.973604440689087,-3.1642415523529053,0.051118717906868866,0.04224616117540096
7,LSTM,extended,2021-03-12,-3.08373761177063,-3.1268489360809326,0.04578779438105703,0.04385576209590517
7,LSTM,extended,2021-03-13,-3.1368582248687744,-3.1300876140594482,0.04341898197473374,0.043713957126852374
7,LSTM,extended,2021-03-14,-3.398660898208618,-3.151275873184204,0.033417981090482364,0.04279747785112404
7,LSTM,extended,2021-03-15,-2.7594213485717773,-3.195983648300171,0.06332839522711266,0.040926238535403316
7,LSTM,extended,2021-03-16,-2.944159746170044,-3.021014451980591,0.0526462710600134,0.048751726971880974
7,LSTM,extended,2021-03-17,-3.163048267364502,-2.9851415157318115,0.04229660660734937,0.050532341920350464
7,LSTM,extended,2021-03-18,-3.232917547225952,-3.0570194721221924,0.03944225055469401,0.047027643774293554
7,LSTM,extended,2021-03-19,-3.2021381855010986,-3.100994110107422,0.040675127311482845,0.045004430778800224
7,LSTM,extended,2021-03-20,-3.5012338161468506,-3.093892812728882,0.030160141477787953,0.045325158138491195
7,LSTM,extended,2021-03-21,-3.3411295413970947,-3.201493501663208,0.03539693866297699,0.04070136099731526
7,LSTM,extended,2021-03-22,-3.4068524837493896,-3.1644575595855713,0.03314534901114082,0.04223703668238835
7,LSTM,extended,2021-03-23,-3.0392425060272217,-3.165353536605835,0.047871132931595284,0.042199210207513764
7,LSTM,extended,2021-03-24,-3.1649630069732666,-3.0858991146087646,0.042215696290656135,0.045688925837382266
8,LSTM,extended,2021-05-24,-2.3715906143188477,-2.5788724422454834,0.09333214015229901,0.07585948177580427
8,LSTM,extended,2021-05-25,-2.4514522552490234,-2.592074155807495,0.08616833732139116,0.07486458809468681
8,LSTM,extended,2021-05-26,-2.837568998336792,-2.645698308944702,0.05856786377784445,0.07095577737433117
8,LSTM,extended,2021-05-27,-2.837923049926758,-2.7661547660827637,0.05854713133212964,0.06290340865713814
8,LSTM,extended,2021-05-28,-2.60593318939209,-2.860506534576416,0.07383419848092364,0.057239749003935365
8,LSTM,extended,2021-05-29,-2.5897011756896973,-2.882939577102661,0.07504244414632706,0.055969982666598826
8,LSTM,extended,2021-05-30,-2.8504269123077393,-2.899962902069092,0.05781962359971695,0.055025251341886725
8,LSTM,extended,2021-05-31,-2.936537265777588,-2.9909543991088867,0.053049098948137294,0.05023945533436158
8,LSTM,extended,2021-06-01,-2.9950289726257324,-3.072233200073242,0.050035170747486896,0.04631759280027056
8,LSTM,extended,2021-06-02,-3.234771966934204,-3.06984806060791,0.03936916860170463,0.046428198595337165
8,LSTM,extended,2021-06-03,-3.357517719268799,-3.2054851055145264,0.03482157598657019,0.04053922106256235
8,LSTM,extended,2021-06-04,-3.0127432346343994,-3.2829506397247314,0.049156630126195124,0.03751738301785317
8,LSTM,extended,2021-06-05,-3.0355348587036133,-3.252650260925293,0.04804894508541989,0.03867157211632737
8,LSTM,extended,2021-06-06,-3.2162952423095703,-3.411463975906372,0.04010334846012502,0.032992854244717686
8,LSTM,extended,2021-06-07,-3.382817029953003,-3.59560227394104,0.03395166434816378,0.027444139301596664
8,LSTM,extended,2021-06-08,-2.764169454574585,-3.6004068851470947,0.06302841710052727,0.027312597091955264
8,LSTM,extended,2021-06-09,-2.680737257003784,-3.4610886573791504,0.06851260803691449,0.031395554394146964
8,LSTM,extended,2021-06-10,-2.7915728092193604,-3.381226062774658,0.061324682700821954,0.034005725997898494
8,LSTM,extended,2021-06-11,-3.066664695739746,-3.3207240104675293,0.04657622807919097,0.03612665619863664
8,LSTM,extended,2021-06-12,-3.0420570373535156,-3.3571903705596924,0.04773657840801823,0.03483297937974964
8,LSTM,extended,2021-06-13,-3.3586678504943848,-3.3959667682647705,0.03478155128223052,0.0335081338979288
8,LSTM,extended,2021-06-14,-2.974642276763916,-3.415728807449341,0.05106568275572537,0.032852444860602056
8,LSTM,extended,2021-06-15,-3.2194910049438477,-3.2654216289520264,0.039975386837257786,0.038180823544646025
8,LSTM,extended,2021-06-16,-3.213167667388916,-3.3647618293762207,0.04022897120903456,0.034570238755289265
8,LSTM,extended,2021-06-17,-3.3760809898376465,-3.5095932483673096,0.03418113905592797,0.029909067529197062
8,LSTM,extended,2021-06-18,-3.198855400085449,-3.6376500129699707,0.04080887656626067,0.026314099178815525
8,LSTM,extended,2021-06-19,-3.14090895652771,-3.62774395942688,0.04324345875416832,0.02657606352750415
8,LSTM,extended,2021-06-20,-3.1575608253479004,-3.6723132133483887,0.04252934257629318,0.02541759554553816
8,LSTM,extended,2021-06-21,-2.476207733154297,-3.5071024894714355,0.08406139328242265,0.029983656683358086
8,LSTM,extended,2021-06-22,-2.4373490810394287,-3.231114625930786,0.08739219420045306,0.03951342153830435
9,LSTM,extended,2021-08-22,-3.736858367919922,-3.541473627090454,0.02382883486364211,0.028970593744290007
9,LSTM,extended,2021-08-23,-3.7014126777648926,-3.5523016452789307,0.02468861342760275,0.028658591750058828
9,LSTM,extended,2021-08-24,-3.6283020973205566,-3.6169583797454834,0.026561235952239037,0.026864253238978775
9,LSTM,extended,2021-08-25,-3.465425968170166,-3.6215827465057373,0.0312596803349919,0.026740309833774324
9,LSTM,extended,2021-08-26,-3.340066909790039,-3.5353662967681885,0.03543457973014199,0.02914806818687241
9,LSTM,extended,2021-08-27,-3.5049943923950195,-3.5280508995056152,0.03004693265545346,0.029362079793809292
9,LSTM,extended,2021-08-28,-3.818385601043701,-3.643068552017212,0.021963220658579006,0.026171900752518098
9,LSTM,extended,2021-08-29,-3.7196099758148193,-3.705280065536499,0.024243413031324126,0.024593318659253176
9,LSTM,extended,2021-08-30,-3.7268455028533936,-3.636354446411133,0.02406863130775973,0.026348212952253595
9,LSTM,extended,2021-08-31,-3.55172061920166,-3.6541101932525635,0.02867524724301811,0.02588450945916077
9,LSTM,extended,2021-09-01,-3.6034672260284424,-3.6413164138793945,0.027229141082513845,0.026217797752687406
9,LSTM,extended,2021-09-02,-3.5708839893341064,-3.590834856033325,0.02813096843367215,0.02757528940571539
9,LSTM,extended,2021-09-03,-3.4826278686523438,-3.596883535385132,0.030726549672649296,0.02740899868819449
9,LSTM,extended,2021-09-04,-3.7209017276763916,-3.6371984481811523,0.024212117584032754,0.026325984387238658
9,LSTM,extended,2021-09-05,-3.902390480041504,-3.7415263652801514,0.02019357040983899,0.023717863349998373
9,LSTM,extended,2021-09-06,-3.850835084915161,-3.777681827545166,0.021261962160867703,0.022875649730812818
9,LSTM,extended,2021-09-07,-1.976778507232666,-3.8083903789520264,0.1385147369486745,0.022183847839097305
9,LSTM,extended,2021-09-08,-2.9552805423736572,-3.0800814628601074,0.05206404340474854,0.04595550282904238
9,LSTM,extended,2021-09-09,-3.342813730239868,-3.2522919178009033,0.03533738138294796,0.03868543229508959
9,LSTM,extended,2021-09-10,-3.519909381866455,-3.3831942081451416,0.029602108683661015,0.033938863585081636
9,LSTM,extended,2021-09-11,-3.577252149581909,-3.4702889919281006,0.027952394653880577,0.03110802938963837
9,LSTM,extended,2021-09-12,-3.726125955581665,-3.6041147708892822,0.02408595438244222,0.027211512586248397
9,LSTM,extended,2021-09-13,-2.8497462272644043,-3.6144180297851562,0.0578589881934666,0.026932584625101796
9,LSTM,extended,2021-09-14,-3.506359338760376,-3.3578102588653564,0.030005946191158334,0.03481139350808774
9,LSTM,extended,2021-09-15,-3.8173415660858154,-3.574620008468628,0.021986163381903297,0.028026063421643602
9,LSTM,extended,2021-09-16,-3.6250791549682617,-3.6824569702148438,0.026646978275806036,0.025161068806813746
9,LSTM,extended,2021-09-17,-3.7875969409942627,-3.700415849685669,0.02264995611867949,0.024713237337063373
9,LSTM,extended,2021-09-18,-3.7733025550842285,-3.690809488296509,0.02297604933638198,0.024951785678393464
9,LSTM,extended,2021-09-19,-3.813533067703247,-3.684542417526245,0.022070055750443608,0.02510865137855388
9,LSTM,extended,2021-09-20,-2.9661448001861572,-3.6338350772857666,0.051501463468796485,0.02641467754092864
10,LSTM,extended,2021-11-20,-3.5524964332580566,-3.391972303390503,0.028653011881637984,0.033642248681802524
10,LSTM,extended,2021-11-21,-3.6751983165740967,-3.5540428161621094,0.025344368858502525,0.02860873564373498
10,LSTM,extended,2021-11-22,-3.247112274169922,-3.643550395965576,0.03888632679629938,0.02615929301343019
10,LSTM,extended,2021-11-23,-3.0887253284454346,-3.5268359184265137,0.045559977219292426,0.029397775857981787
10,LSTM,extended,2021-11-24,-3.5114407539367676,-3.441805362701416,0.029853858262397285,0.032006839164272424
10,LSTM,extended,2021-11-25,-3.6907951831817627,-3.5413053035736084,0.024952145335182762,0.02897547058862967
10,LSTM,extended,2021-11-26,-3.204141855239868,-3.599975109100342,0.04059371452119198,0.027324392567790654
10,LSTM,extended,2021-11-27,-3.519087314605713,-3.375610828399658,0.029626454970466894,0.034197213295502724
10,LSTM,extended,2021-11-28,-3.621730327606201,-3.5423424243927,0.026736366143041413,0.028945435092379478
10,LSTM,extended,2021-11-29,-3.2957611083984375,-3.5636723041534424,0.03703983634762707,0.02833457022595296
10,LSTM,extended,2021-11-30,-3.2849912643432617,-3.468282699584961,0.0374408995700356,0.031170503860946535
10,LSTM,extended,2021-12-01,-3.3470571041107178,-3.4565699100494385,0.03518774228156687,0.03153774403449828
10,LSTM,extended,2021-12-02,-3.3034534454345703,-3.425708770751953,0.03675600036856487,0.032526209184472986
10,LSTM,extended,2021-12-03,-3.5243983268737793,-3.429727554321289,0.029469526199643888,0.03239575565706348
10,LSTM,extended,2021-12-04,-2.412677049636841,-3.531829833984375,0.08957515967372737,0.029251331766881047
10,LSTM,extended,2021-12-05,-3.1200063228607178,-3.186286449432373,0.044156874891255686,0.041325039004977644
10,LSTM,extended,2021-12-06,-2.9455208778381348,-3.332669973373413,0.05257466114575737,0.03569765589689213
10,LSTM,extended,2021-12-07,-3.2688934803009033,-3.279263496398926,0.03804849646716884,0.03765597036181256
10,LSTM,extended,2021-12-08,-3.2303202152252197,-3.3196160793304443,0.03954482748605242,0.03616670423813554
10,LSTM,extended,2021-12-09,-3.370502471923828,-3.3001275062561035,0.03437235543124091,0.036878454866459104
10,LSTM,extended,2021-12-10,-3.0270509719848633,-3.3592634201049805,0.04845832293691231,0.03476084366324589
10,LSTM,extended,2021-12-11,-3.2072196006774902,-3.327082633972168,0.04046896516976543,0.03589766912263865
10,LSTM,extended,2021-12-12,-3.7008960247039795,-3.398530960083008,0.02470137577032012,0.033422322654763206
10,LSTM,extended,2021-12-13,-3.4893884658813477,-3.5476183891296387,0.030519521860166297,0.028793122097085892
10,LSTM,extended,2021-12-14,-3.116297483444214,-3.5428967475891113,0.0443209592891217,0.02892939440700706
10,LSTM,extended,2021-12-15,-3.336958169937134,-3.3381519317626953,0.035544905606700095,0.03550249818980323
10,LSTM,extended,2021-12-16,-3.2219715118408203,-3.467738628387451,0.03987635294126964,0.031187467454032603
10,LSTM,extended,2021-12-17,-3.3702311515808105,-3.3796138763427734,0.03438168149081826,0.03406059380076011
10,LSTM,extended,2021-12-18,-3.3454601764678955,-3.4038476943969727,0.03524398001444125,0.03324509654144437
10,LSTM,extended,2021-12-19,-3.4792847633361816,-3.4329051971435547,0.03082944150893191,0.032292976868474745
11,LSTM,extended,2022-02-18,-3.2690951824188232,-3.5896973609924316,0.038040817336305786,0.02760667401857726
11,LSTM,extended,2022-02-19,-3.8145365715026855,-3.4886937141418457,0.022047921843881078,0.03054073106361198
11,LSTM,extended,2022-02-20,-3.742405891418457,-3.657053232192993,0.023697012180736023,0.025808442299648907
11,LSTM,extended,2022-02-21,-3.0925185680389404,-3.577564239501953,0.045387493927402,0.02794366953936518
11,LSTM,extended,2022-02-22,-3.0077803134918213,-3.2910525798797607,0.04940120804916049,0.037214647373883275
11,LSTM,extended,2022-02-23,-3.4627583026885986,-3.2498605251312256,0.031343181279557694,0.03877960623643067
11,LSTM,extended,2022-02-24,-2.7728683948516846,-3.373767137527466,0.06248250926751435,0.03426032056121569
11,LSTM,extended,2022-02-25,-2.798795461654663,-3.1189348697662354,0.06088334341613227,0.04420421661191679
11,LSTM,extended,2022-02-26,-3.4520156383514404,-3.1535215377807617,0.031681705232286625,0.042701476881169376
11,LSTM,extended,2022-02-27,-3.436715602874756,-3.442755937576294,0.03217016464903335,0.03197642871362791
11,LSTM,extended,2022-02-28,-2.894096612930298,-3.472048759460449,0.05534900038274383,0.031053334611088015
11,LSTM,extended,2022-03-01,-2.8895483016967773,-3.2251031398773193,0.05560131735352595,0.03975167138123724
11,LSTM,extended,2022-03-02,-3.1877334117889404,-3.2142179012298584,0.041265289146460646,0.0401867415451013
11,LSTM,extended,2022-03-03,-3.482940196990967,-3.3139286041259766,0.030716956290616777,0.03637298758825135
11,LSTM,extended,2022-03-04,-3.179744243621826,-3.49540114402771,0.041596279112722664,0.030336566658919567
11,LSTM,extended,2022-03-05,-3.4947731494903564,-3.446899652481079,0.03035562403853925,0.03184420161283149
11,LSTM,extended,2022-03-06,-3.5463216304779053,-3.6311466693878174,0.028830482171152878,0.02648578653770123
11,LSTM,extended,2022-03-07,-3.2731714248657227,-3.5524771213531494,0.03788607462255933,0.02865356329233104
11,LSTM,extended,2022-03-08,-3.0736465454101562,-3.3246095180511475,0.046252171973716935,0.03598655811549025
11,LSTM,extended,2022-03-09,-3.284024715423584,-3.259920835494995,0.0374771038478912,0.038391427136372634
11,LSTM,extended,2022-03-10,-3.0099034309387207,-3.3081657886505127,0.049296430055070076,0.036583203597905525
11,LSTM,extended,2022-03-11,-3.2220098972320557,-3.268597364425659,0.039874824724033496,0.03805976364599643
11,LSTM,extended,2022-03-12,-3.773329257965088,-3.334296464920044,0.02297543503318908,0.03563964113812346
11,LSTM,extended,2022-03-13,-3.9781925678253174,-3.617727518081665,0.01871943397501521,0.026843598848308458
11,LSTM,extended,2022-03-14,-3.39410400390625,-3.652310848236084,0.03357061163107576,0.02593112656780718
11,LSTM,extended,2022-03-15,-3.37064790725708,-3.4546611309051514,0.03436735660227009,0.03159800013115235
11,LSTM,extended,2022-03-16,-2.7926318645477295,-3.4350006580352783,0.06125976584593003,0.03222537902646699
11,LSTM,extended,2022-03-17,-3.416698694229126,-3.179797649383545,0.03282059616468871,0.04159406085555843
11,LSTM,extended,2022-03-18,-3.7403564453125,-3.3792850971221924,0.023745628456967878,0.03407179406063571
11,LSTM,extended,2022-03-19,-4.086282253265381,-3.6157162189483643,0.016801573855321567,0.02689764370748986
12,LSTM,extended,2022-05-19,-3.226855754852295,-3.426609516143799,0.03968206025156326,0.03249692453341564
12,LSTM,extended,2022-05-20,-3.398838758468628,-3.415863275527954,0.033412035425583055,0.03284802755111944
12,LSTM,extended,2022-05-21,-3.7020485401153564,-3.5291459560394287,0.0246729185716214,0.029329944243867406
12,LSTM,extended,2022-05-22,-3.7522387504577637,-3.768836736679077,0.02346514272595276,0.023078884509782092
12,LSTM,extended,2022-05-23,-3.643026351928711,-3.6655778884887695,0.02617300327066522,0.025589369202361743
12,LSTM,extended,2022-05-24,-3.452690839767456,-3.5442562103271484,0.03166032179684186,0.028890092680351514
12,LSTM,extended,2022-05-25,-3.6042230129241943,-3.555192470550537,0.02720857034443252,0.02857586437267927
12,LSTM,extended,2022-05-26,-3.247676372528076,-3.6218008995056152,0.03886440071370467,0.026734476989034313
12,LSTM,extended,2022-05-27,-3.3717291355133057,-3.551389217376709,0.034330212478270505,0.028684752591059917
12,LSTM,extended,2022-05-28,-3.6739346981048584,-3.569888114929199,0.02537641435790726,0.028158994076220425
12,LSTM,extended,2022-05-29,-4.181970119476318,-3.744781732559204,0.015268384763237641,0.02364077849899192
12,LSTM,extended,2022-05-30,-3.5324783325195312,-3.8179006576538086,0.029232366714764035,0.021973873209591138
12,LSTM,extended,2022-05-31,-3.286672353744507,-3.599886178970337,0.037378010188568046,0.027326822638514964
12,LSTM,extended,2022-06-01,-3.548820734024048,-3.5317301750183105,0.028758526065074015,0.029254247070623195
12,LSTM,extended,2022-06-02,-3.34971284866333,-3.5971121788024902,0.03509442014415842,0.02740273251516852
12,LSTM,extended,2022-06-03,-3.6057751178741455,-3.5811595916748047,0.02716637073058016,0.02784338256194736
12,LSTM,extended,2022-06-04,-4.143041133880615,-3.6500229835510254,0.015874493313480943,0.02599052141718562
12,LSTM,extended,2022-06-05,-4.121692180633545,-3.8953022956848145,0.01621703535176924,0.02033721566427248
12,LSTM,extended,2022-06-06,-3.6771016120910645,-3.847012758255005,0.025296174761285053,0.02134338919607026
12,LSTM,extended,2022-06-07,-3.3940587043762207,-3.695117473602295,0.033572131498184964,0.024844524914041634
12,LSTM,extended,2022-06-08,-2.74957275390625,-3.6463840007781982,0.06395517515526042,0.026085272808049228
12,LSTM,extended,2022-06-09,-3.6581263542175293,-3.3755176067352295,0.02578076406198664,0.03420040136617349
12,LSTM,extended,2022-06-10,-3.309020757675171,-3.6230010986328125,0.03655194257389279,0.026702409528602387
12,LSTM,extended,2022-06-11,-3.577786684036255,-3.556955099105835,0.02793745697915428,0.02852554008505978
12,LSTM,extended,2022-06-12,-3.1615073680877686,-3.6589064598083496,0.04236183190998771,0.025760657654725544
12,LSTM,extended,2022-06-13,-2.4769489765167236,-3.5188608169555664,0.08399911676539187,0.029633163556011286
12,LSTM,extended,2022-06-14,-2.430070400238037,-3.117119312286377,0.08803063083131385,0.04428454482436174
12,LSTM,extended,2022-06-15,-2.4272942543029785,-2.974581718444824,0.08827535668071547,0.05106878067047581
12,LSTM,extended,2022-06-16,-2.523188352584839,-2.851675033569336,0.08020346298210265,0.057747500798277014
12,LSTM,extended,2022-06-17,-2.958470582962036,-2.8690731525421143,0.05189822308212418,0.056751492196837026
13,LSTM,extended,2022-08-17,-3.676698684692383,-3.6031458377838135,0.02530637043731878,0.027237891508974404
13,LSTM,extended,2022-08-18,-3.9190125465393066,-3.5883967876434326,0.019860688328972635,0.027642601894420655
13,LSTM,extended,2022-08-19,-3.1316285133361816,-3.6687052249908447,0.04364665087291044,0.025509467607425305
13,LSTM,extended,2022-08-20,-3.6005806922912598,-3.4272444248199463,0.027307853393711914,0.032476298496250035
13,LSTM,extended,2022-08-21,-3.683350086212158,-3.622298002243042,0.025138607518826905,0.026721190505015754
13,LSTM,extended,2022-08-22,-3.524844169616699,-3.6372668743133545,0.029456388226996758,0.026324183062895894
13,LSTM,extended,2022-08-23,-3.5615170001983643,-3.528510332107544,0.028395705087302558,0.029348592990872974
13,LSTM,extended,2022-08-24,-3.7319376468658447,-3.556265115737915,0.023946380039438872,0.028545229031921047
13,LSTM,extended,2022-08-25,-3.9232699871063232,-3.5964951515197754,0.019776308341744146,0.027419645972417264
13,LSTM,extended,2022-08-26,-3.2772676944732666,-3.651695966720581,0.03773119963046908,0.025947076047376273
13,LSTM,extended,2022-08-27,-3.6113600730895996,-3.4912617206573486,0.027015071826447423,0.03046240285828878
13,LSTM,extended,2022-08-28,-4.056300163269043,-3.5938403606414795,0.017312947482334914,0.027492536136239566
13,LSTM,extended,2022-08-29,-3.6940133571624756,-3.7034337520599365,0.02487196842713353,0.02463876759697258
13,LSTM,extended,2022-08-30,-3.658512830734253,-3.6003434658050537,0.025770797874832534,0.02731432929445345
13,LSTM,extended,2022-08-31,-3.468247413635254,-3.571486234664917,0.03117160227712083,0.028114028555780993
13,LSTM,extended,2022-09-01,-3.5998568534851074,-3.5028982162475586,0.02732762289138087,0.03010998157645576
13,LSTM,extended,2022-09-02,-3.6484196186065674,-3.5396599769592285,0.02603223009771254,0.02902318395928215
13,LSTM,extended,2022-09-03,-4.055796146392822,-3.5608761310577393,0.01732167407012771,0.02841390948832086
13,LSTM,extended,2022-09-04,-4.188450813293457,-3.7295429706573486,0.015169757216587993,0.024003793772843375
13,LSTM,extended,2022-09-05,-4.073435306549072,-3.751392364501953,0.017018809555245006,0.023485013367615406
13,LSTM,extended,2022-09-06,-3.5129575729370117,-3.7168638706207275,0.029808614988050285,0.02431007800317069
13,LSTM,extended,2022-09-07,-3.7404186725616455,-3.5614469051361084,0.023744149663818517,0.028397696187118255
13,LSTM,extended,2022-09-08,-3.550755739212036,-3.610713481903076,0.028702927187695352,0.027032542746987465
13,LSTM,extended,2022-09-09,-3.3784453868865967,-3.563369035720825,0.0341004149524753,0.028343164512809035
13,LSTM,extended,2022-09-10,-3.7728004455566406,-3.496633768081665,0.022987585875763928,0.030299196101470756
13,LSTM,extended,2022-09-11,-3.609701633453369,-3.667457342147827,0.027059911502061627,0.025541320316957366
13,LSTM,extended,2022-09-12,-3.358003854751587,-3.6360175609588623,0.034804656187257435,0.026357090780581034
13,LSTM,extended,2022-09-13,-3.005300998687744,-3.511050224304199,0.049523836701783494,0.02986552245270981
13,LSTM,extended,2022-09-14,-3.41854190826416,-3.353437662124634,0.032760159660039395,0.03496394301328472
13,LSTM,extended,2022-09-15,-3.386855363845825,-3.4472146034240723,0.03381483707316902,0.03183417382756826
14,LSTM,extended,2022-11-15,-3.406203031539917,-3.0947797298431396,0.03316688416152826,0.04528497629277987
14,LSTM,extended,2022-11-16,-3.591426372528076,-3.281208038330078,0.027558983185963132,0.03758281787612887
14,LSTM,extended,2022-11-17,-3.879336357116699,-3.376744270324707,0.020664524116286134,0.03415847468702809
14,LSTM,extended,2022-11-18,-3.997755527496338,-3.517815589904785,0.018356784592101966,0.02966415314336868
14,LSTM,extended,2022-11-19,-4.626307964324951,-3.4827609062194824,0.009790831725886372,0.030722461968374883
14,LSTM,extended,2022-11-20,-4.130922317504883,-3.9128031730651855,0.016068043068187262,0.019984392732292074
14,LSTM,extended,2022-11-21,-3.572206497192383,-3.7899131774902344,0.028093785866669267,0.022597553743151203
14,LSTM,extended,2022-11-22,-3.3814728260040283,-3.558011054992676,0.033997334040603656,0.028495434260530847
14,LSTM,extended,2022-11-23,-3.7960598468780518,-3.475205659866333,0.022459078943338963,0.030955456871307057
14,LSTM,extended,2022-11-24,-3.816603660583496,-3.5463430881500244,0.022002390151362416,0.028829865431080466
14,LSTM,extended,2022-11-25,-4.250029563903809,-3.6971311569213867,0.014263803621983383,0.024794546226028117
14,LSTM,extended,2022-11-26,-4.381693363189697,-3.7396652698516846,0.012504153774628778,0.023762045676673334
14,LSTM,extended,2022-11-27,-4.622938632965088,-3.828739643096924,0.009823874137785755,0.021736984743874154
14,LSTM,extended,2022-11-28,-3.8465051651000977,-3.873220920562744,0.021354227920180165,0.020791284353954095
14,LSTM,extended,2022-11-29,-4.1520795822143555,-3.7400195598602295,0.015731655671196217,0.023753628508911863
14,LSTM,extended,2022-11-30,-3.728052854537964,-3.7331128120422363,0.02403958802877315,0.023918256768348273
14,LSTM,extended,2022-12-01,-3.824155807495117,-3.6893234252929688,0.021836852222569876,0.024988893184039695
14,LSTM,extended,2022-12-02,-4.163632869720459,-3.7017743587493896,0.015550949227293907,0.02467968696096691
14,LSTM,extended,2022-12-03,-4.696509838104248,-3.8158936500549316,0.009127065021018878,0.022018019246066313
14,LSTM,extended,2022-12-04,-4.443665981292725,-4.019411087036133,0.01175276163620212,0.017963530787116804
14,LSTM,extended,2022-12-05,-4.068857192993164,-3.9455037117004395,0.017096909643980723,0.019341461390110615
14,LSTM,extended,2022-12-06,-4.345870018005371,-3.803680896759033,0.012960219772391961,0.022288568719571102
14,LSTM,extended,2022-12-07,-4.243175983428955,-3.7811262607574463,0.014361895568840839,0.022796991592802126
14,LSTM,extended,2022-12-08,-4.6269049644470215,-3.8630380630493164,0.00978498782484659,0.021004080740778
14,LSTM,extended,2022-12-09,-4.195580005645752,-3.8883402347564697,0.015061990400964979,0.020479298689901275
14,LSTM,extended,2022-12-10,-5.034576892852783,-3.8823635578155518,0.006508940783261068,0.02060206339898088
14,LSTM,extended,2022-12-11,-5.123327255249023,-4.0335307121276855,0.005956161111537402,0.017711674567820065
14,LSTM,extended,2022-12-12,-4.421209335327148,-4.076801776885986,0.012019679107973217,0.016961616062526864
14,LSTM,extended,2022-12-13,-3.6254467964172363,-3.9439473152160645,0.026637186020517522,0.01937158782644317
14,LSTM,extended,2022-12-14,-4.236185550689697,-3.7269129753112793,0.01446264553447828,0.024067006753540083
15,LSTM,extended,2023-02-13,-3.9316537380218506,-4.094710826873779,0.01961120302459914,0.016660553373583843
15,LSTM,extended,2023-02-14,-3.7406797409057617,-3.878262758255005,0.023737953413890057,0.02068672183752698
15,LSTM,extended,2023-02-15,-3.910984754562378,-3.812760591506958,0.020020763633265246,0.022087111198854342
15,LSTM,extended,2023-02-16,-3.186983108520508,-3.8543684482574463,0.04129626005719674,0.021186969759698582
15,LSTM,extended,2023-02-17,-3.3058159351348877,-3.6081550121307373,0.03666926662456176,0.027101793265964735
15,LSTM,extended,2023-02-18,-3.562264919281006,-3.6277167797088623,0.028374477244438367,0.026576785867505098
15,LSTM,extended,2023-02-19,-3.824047565460205,-3.728987455368042,0.021839218292198887,0.02401713195728039
15,LSTM,extended,2023-02-20,-3.5343310832977295,-3.7143192291259766,0.029178259379994985,0.024372017234991925
15,LSTM,extended,2023-02-21,-3.728806257247925,-3.5508532524108887,0.024021484540749302,0.02870013073956789
15,LSTM,extended,2023-02-22,-3.5974040031433105,-3.6028316020965576,0.02739473370500024,0.027246451974605942
15,LSTM,extended,2023-02-23,-3.4998860359191895,-3.557567834854126,0.030200814111937764,0.028508066814578417
15,LSTM,extended,2023-02-24,-3.5779058933258057,-3.591735601425171,0.02793412269118216,0.027550462264991835
15,LSTM,extended,2023-02-25,-4.067501068115234,-3.616050958633423,0.01712010424927509,0.02688864150214075
15,LSTM,extended,2023-02-26,-4.182335376739502,-3.8959293365478516,0.015262812494996699,0.02032446739000232
15,LSTM,extended,2023-02-27,-3.7065019607543945,-3.9341413974761963,0.024563287889260238,0.019562478520837305
15,LSTM,extended,2023-02-28,-4.019920825958252,-3.651979923248291,0.017954378004541156,0.025939709248892828
15,LSTM,extended,2023-03-01,-3.651045322418213,-3.833324670791626,0.02596396568398672,0.02163754815493122
15,LSTM,extended,2023-03-02,-3.974202871322632,-3.7619729042053223,0.018794265730803252,0.023237839070055312
15,LSTM,extended,2023-03-03,-3.498188018798828,-3.895784854888916,0.030252141506089115,0.020327404116359065
15,LSTM,extended,2023-03-04,-4.623719692230225,-3.7101352214813232,0.009816206055445677,0.024474203608470572
15,LSTM,extended,2023-03-05,-3.996952533721924,-4.085107326507568,0.018371531566716677,0.016821323844063513
15,LSTM,extended,2023-03-06,-4.305393695831299,-3.879084587097168,0.013495564174641215,0.02066972786867616
15,LSTM,extended,2023-03-07,-3.9287140369415283,-3.958562135696411,0.019668940774431248,0.019090534178668666
15,LSTM,extended,2023-03-08,-3.971147060394287,-3.8306024074554443,0.01885178742765832,0.02169653153390013
15,LSTM,extended,2023-03-09,-3.9544527530670166,-3.8003973960876465,0.019169145541005413,0.02236187356515533
15,LSTM,extended,2023-03-10,-3.0800862312316895,-3.848518133163452,0.04595528778511271,0.021311283550039528
15,LSTM,extended,2023-03-11,-3.4161314964294434,-3.572570562362671,0.03283922097668148,0.028083560246880163
15,LSTM,extended,2023-03-12,-3.815014362335205,-3.630305767059326,0.0220373854796546,0.02650806787258196
15,LSTM,extended,2023-03-13,-2.7382829189300537,-3.7761547565460205,0.06468130527670546,0.022910609173355863
15,LSTM,extended,2023-03-14,-2.8670907020568848,-3.3018910884857178,0.05686411604405106,0.0368134739775777
16,LSTM,extended,2023-05-14,-4.1290812492370605,-3.5499229431152344,0.01609764906322538,0.028726843170769446
16,LSTM,extended,2023-05-15,-3.965120315551758,-3.56905198097229,0.01896574577950493,0.02818254862172668
16,LSTM,extended,2023-05-16,-4.0689005851745605,-3.5180904865264893,0.01709616736539502,0.029655999685865197
16,LSTM,extended,2023-05-17,-4.078999996185303,-3.571256637573242,0.016924367858962498,0.028120484198338652
16,LSTM,extended,2023-05-18,-3.8139872550964355,-3.6678473949432373,0.02206003201427243,0.025531359792360257
16,LSTM,extended,2023-05-19,-3.8942713737487793,-3.6038711071014404,0.020358193189257204,0.027218143856782145
16,LSTM,extended,2023-05-20,-4.838508129119873,-3.6524975299835205,0.007918849734616137,0.025926286149742593
16,LSTM,extended,2023-05-21,-4.30198335647583,-3.8145766258239746,0.013541666455218763,0.02204703662820465
16,LSTM,extended,2023-05-22,-4.17966365814209,-3.660099983215332,0.015303642044549376,0.02572993003561408
16,LSTM,extended,2023-05-23,-4.258394718170166,-3.571439504623413,0.014144981352783624,0.028115342356666295
16,LSTM,extended,2023-05-24,-3.9534101486206055,-3.6294806003570557,0.01918914296264124,0.02652995048294267
16,LSTM,extended,2023-05-25,-3.965470552444458,-3.612527847290039,0.01895910191392232,0.02698354028658878
16,LSTM,extended,2023-05-26,-4.173118591308594,-3.6616828441619873,0.015404134969019039,0.025689235333895506
16,LSTM,extended,2023-05-27,-4.804446697235107,-3.8332059383392334,0.00819322140244503,0.02164011738779738
16,LSTM,extended,2023-05-28,-4.116871356964111,-4.064440727233887,0.016295410327680296,0.017172580750760558
16,LSTM,extended,2023-05-29,-3.8979547023773193,-3.9470553398132324,0.02028334692280504,0.01931147389009933
16,LSTM,extended,2023-05-30,-4.069329738616943,-3.824246406555176,0.017088827194654432,0.021834873957970208
16,LSTM,extended,2023-05-31,-3.999260902404785,-3.8413097858428955,0.018329169052311262,0.021465457758843787
16,LSTM,extended,2023-06-01,-3.9747984409332275,-3.773315668106079,0.0187830779983215,0.022975746869489774
16,LSTM,extended,2023-06-02,-4.053811550140381,-3.7684667110443115,0.01735608656652867,0.023087425872536895
16,LSTM,extended,2023-06-03,-4.5599045753479,-3.854135036468506,0.010463046770889738,0.02119191562773604
16,LSTM,extended,2023-06-04,-4.673384189605713,-4.04688835144043,0.009340596493942406,0.017476661378820115
16,LSTM,extended,2023-06-05,-3.4911718368530273,-4.094236373901367,0.030465141439910852,0.016668459902888347
16,LSTM,extended,2023-06-06,-3.588186502456665,-3.6884429454803467,0.027648417098092477,0.025010905097933668
16,LSTM,extended,2023-06-07,-3.4991955757141113,-3.649129629135132,0.030221677477322625,0.02601375054757679
16,LSTM,extended,2023-06-08,-3.895012855529785,-3.607686996459961,0.020343104353737228,0.027114480303234056
16,LSTM,extended,2023-06-09,-4.1055378913879395,-3.7376339435577393,0.016481144543824235,0.023810363222904276
16,LSTM,extended,2023-06-10,-3.4980907440185547,-3.8119351863861084,0.030255079986650172,0.022105349547774527
16,LSTM,extended,2023-06-11,-4.056973457336426,-3.660532236099243,0.017301296051388287,0.0257188105982084
16,LSTM,extended,2023-06-12,-3.938248872756958,-3.7760236263275146,0.019482289226881243,0.022913613644838366
17,LSTM,extended,2023-08-12,-5.6678466796875,-4.348132610321045,0.003455287518244439,0.012930927147053692
17,LSTM,extended,2023-08-13,-5.840765953063965,-4.525454521179199,0.0029066055575622364,0.01082978094825381
17,LSTM,extended,2023-08-14,-4.532334327697754,-4.530735015869141,0.010755530387439777,0.010772745016157312
17,LSTM,extended,2023-08-15,-4.940271377563477,-4.313058376312256,0.007152647809903918,0.013392517506842519
17,LSTM,extended,2023-08-16,-4.446500778198242,-4.411372184753418,0.01171949578686561,0.012138500617741101
17,LSTM,extended,2023-08-17,-3.8395166397094727,-4.315005302429199,0.021503982550294277,0.013366468611133492
17,LSTM,extended,2023-08-18,-2.278562307357788,-4.092625141143799,0.10243134917526281,0.016695338335505114
17,LSTM,extended,2023-08-19,-4.031612873077393,-3.5158560276031494,0.017745676719282857,0.029722338909872383
17,LSTM,extended,2023-08-20,-4.517819404602051,-4.006547927856445,0.010912782981738827,0.01819609119584212
17,LSTM,extended,2023-08-21,-4.329830646514893,-4.1647138595581055,0.013169766644037992,0.015534149215408364
17,LSTM,extended,2023-08-22,-4.402630805969238,-4.1199469566345215,0.012245073456473804,0.016245366128519612
17,LSTM,extended,2023-08-23,-3.827019453048706,-4.116714954376221,0.02177440619696374,0.016297956160626292
17,LSTM,extended,2023-08-24,-3.992400884628296,-3.9147555828094482,0.018455339568928964,0.01994541305419818
17,LSTM,extended,2023-08-25,-4.258293151855469,-3.977750539779663,0.01414641721658357,0.01872770925091601
17,LSTM,extended,2023-08-26,-4.999428749084473,-4.048498630523682,0.006741787753239001,0.017448541706789972
17,LSTM,extended,2023-08-27,-5.2372212409973145,-4.337416172027588,0.005314994852060882,0.013070245904196937
17,LSTM,extended,2023-08-28,-4.638183116912842,-4.354184150695801,0.009675251919350664,0.012852911354768772
17,LSTM,extended,2023-08-29,-3.3675196170806885,-4.223678112030029,0.03447502915541571,0.014644670547301635
17,LSTM,extended,2023-08-30,-3.9879262447357178,-3.8639349937438965,0.018538107233647697,0.020985249973289953
17,LSTM,extended,2023-08-31,-4.005651950836182,-4.003914833068848,0.018212402864799766,0.018244066388952533
17,LSTM,extended,2023-09-01,-3.7446799278259277,-4.031910419464111,0.023643187409109465,0.017740395942617646
17,LSTM,extended,2023-09-02,-4.385035037994385,-3.9527225494384766,0.012462442394396539,0.01920234119374005
17,LSTM,extended,2023-09-03,-4.619713306427002,-4.202165126800537,0.009855609130523045,0.014963134617799356
17,LSTM,extended,2023-09-04,-4.512386322021484,-4.266702651977539,0.010972233753512547,0.014027952050477008
17,LSTM,extended,2023-09-05,-4.371585845947266,-4.240098476409912,0.012631182171793532,0.014406163105049427
17,LSTM,extended,2023-09-06,-4.2480292320251465,-4.20399808883667,0.014292360592680329,0.014935732862634155
17,LSTM,extended,2023-09-07,-4.542074203491211,-4.17938756942749,0.010651280844115006,0.015307869710073772
17,LSTM,extended,2023-09-08,-3.8645660877227783,-4.2677202224731445,0.020972010297199445,0.014013684870342828
17,LSTM,extended,2023-09-09,-5.0680646896362305,-4.095818996429443,0.006294580401396115,0.0166421008706124
17,LSTM,extended,2023-09-10,-4.879273414611816,-4.3874616622924805,0.007602525050419717,0.012432236442778802
18,LSTM,extended,2023-11-10,-3.6355104446411133,-3.5906450748443604,0.026370462493960335,0.02758052317544248
18,LSTM,extended,2023-11-11,-4.159380912780762,-3.612408399581909,0.015617209873062468,0.02698676360233273
18,LSTM,extended,2023-11-12,-4.319554805755615,-3.8818106651306152,0.013305798810216308,0.02061345728416534
18,LSTM,extended,2023-11-13,-4.098983287811279,-4.0705461502075195,0.01658952009050711,0.01706805423466608
18,LSTM,extended,2023-11-14,-3.816898822784424,-3.9448647499084473,0.021995900829500682,0.01935382380046314
18,LSTM,extended,2023-11-15,-3.413543701171875,-3.8257882595062256,0.032924312017682075,0.02180123371851946
18,LSTM,extended,2023-11-16,-3.5497307777404785,-3.7015292644500732,0.028732361858476385,0.024685736555331163
18,LSTM,extended,2023-11-17,-3.4690380096435547,-3.6349456310272217,0.031146966846318656,0.026385358893830604
18,LSTM,extended,2023-11-18,-4.338449478149414,-3.612755298614502,0.013056748630591038,0.026977403540269382
18,LSTM,extended,2023-11-19,-4.600711822509766,-3.90073299407959,0.010044672498501748,0.020227069681016986
18,LSTM,extended,2023-11-20,-3.698591709136963,-4.060420989990234,0.02475836127241272,0.017241748979286882
18,LSTM,extended,2023-11-21,-3.708961248397827,-3.780724287033081,0.024502955152831955,0.022806157230486082
18,LSTM,extended,2023-11-22,-3.707332134246826,-3.676441192626953,0.024542903420943715,0.025312888459561946
18,LSTM,extended,2023-11-23,-3.9727978706359863,-3.6299097537994385,0.01882069037128836,0.026518567501772613
18,LSTM,extended,2023-11-24,-3.7883946895599365,-3.7097911834716797,0.0226318946868467,0.024482625116784437
18,LSTM,extended,2023-11-25,-4.57804012298584,-3.6927387714385986,0.010275004574951091,0.024903693006733892
18,LSTM,extended,2023-11-26,-4.561870098114014,-4.004051685333252,0.01044250225990068,0.018241569816621426
18,LSTM,extended,2023-11-27,-4.0119500160217285,-4.145648002624512,0.018098061418792864,0.01583316268891299
18,LSTM,extended,2023-11-28,-4.008464336395264,-3.9331932067871094,0.018161256334773536,0.01958103628706832
18,LSTM,extended,2023-11-29,-3.929875135421753,-3.933289051055908,0.01964611669579298,0.019579159645938708
18,LSTM,extended,2023-11-30,-4.184926509857178,-3.9129557609558105,0.01522331403701612,0.01998134358707099
18,LSTM,extended,2023-12-01,-4.0358171463012695,-3.9305269718170166,0.01767122552522944,0.0196333136182851
18,LSTM,extended,2023-12-02,-4.673348903656006,-3.8752567768096924,0.009340924271837026,0.020748999325186375
18,LSTM,extended,2023-12-03,-3.941117525100708,-4.200841903686523,0.019426481817935437,0.01498294730202595
18,LSTM,extended,2023-12-04,-3.5310189723968506,-4.062055587768555,0.02927506080838795,0.0172135886600328
18,LSTM,extended,2023-12-05,-3.571355104446411,-3.765597343444824,0.028117713931077908,0.02315376734650548
18,LSTM,extended,2023-12-06,-3.5811238288879395,-3.653073310852051,0.027844379409027918,0.025911362581192643
18,LSTM,extended,2023-12-07,-3.906170606613159,-3.591895341873169,0.020117380121893517,0.0275460616916938
18,LSTM,extended,2023-12-08,-4.111493110656738,-3.651280164718628,0.01638328387487465,0.02595786714102332
18,LSTM,extended,2023-12-09,-4.092958927154541,-3.7022645473480225,0.016689766002218602,0.0246675922194933
19,LSTM,extended,2024-02-08,-3.9103922843933105,-3.9300293922424316,0.020032632787074477,0.019643085189964406
19,LSTM,extended,2024-02-09,-3.5663747787475586,-3.8531575202941895,0.028258097054318178,0.02121264120594568
19,LSTM,extended,2024-02-10,-4.203603744506836,-3.755825996398926,0.014941621328120077,0.023381119901790474
19,LSTM,extended,2024-02-11,-3.992183208465576,-3.9894163608551025,0.018459359927891553,0.018510504428583888
19,LSTM,extended,2024-02-12,-3.720768928527832,-3.953946113586426,0.024215328726583836,0.019178860253410895
19,LSTM,extended,2024-02-13,-3.592392683029175,-3.8263120651245117,0.02753236394390342,0.021789817094880908
19,LSTM,extended,2024-02-14,-3.6400134563446045,-3.7632884979248047,0.02625198146161732,0.023207287602830175
19,LSTM,extended,2024-02-15,-3.6682841777801514,-3.64675235748291,0.025520208283636655,0.026075665888727773
19,LSTM,extended,2024-02-16,-3.82470965385437,-3.6691741943359375,0.02182476058478143,0.025497507249157992
19,LSTM,extended,2024-02-17,-4.159422874450684,-3.6989054679870605,0.015616555787075907,0.024750591976334932
19,LSTM,extended,2024-02-18,-4.138504981994629,-3.901977300643921,0.015946663848690982,0.02020191664528176
19,LSTM,extended,2024-02-19,-3.9943113327026367,-3.953118085861206,0.018420116684925568,0.019194747466337772
19,LSTM,extended,2024-02-20,-3.683573007583618,-3.9040398597717285,0.02513300277002141,0.020160291918566733
19,LSTM,extended,2024-02-21,-3.8576481342315674,-3.823150157928467,0.02111759753448695,0.02185882354447567
19,LSTM,extended,2024-02-22,-3.9154207706451416,-3.861004114151001,0.019932149069896443,0.021046845463888096
19,LSTM,extended,2024-02-23,-3.84370756149292,-3.871912717819214,0.021414048287366438,0.020818501381082676
19,LSTM,extended,2024-02-24,-4.516386032104492,-3.894773483276367,0.010928436173444219,0.0203479730856354
19,LSTM,extended,2024-02-25,-4.477196216583252,-4.070648193359375,0.011365224041734241,0.017066312644455694
19,LSTM,extended,2024-02-26,-3.88100004196167,-4.128922462463379,0.020630174048069664,0.0161002080683831
19,LSTM,extended,2024-02-27,-3.24300479888916,-3.9311037063598633,0.03904637888989633,0.019621993666980787
19,LSTM,extended,2024-02-28,-3.088721513748169,-3.7425882816314697,0.04556015631852142,0.02369269032066081
19,LSTM,extended,2024-02-29,-3.099100351333618,-3.636983871459961,0.04508973504185437,0.02633163393890583
19,LSTM,extended,2024-03-01,-3.425506114959717,-3.630842447280884,0.032532804068550004,0.026493845328296718
19,LSTM,extended,2024-03-02,-3.828247308731079,-3.6694719791412354,0.021747687338968598,0.02548991560634241
19,LSTM,extended,2024-03-03,-4.078553199768066,-3.8642828464508057,0.01693193482873902,0.020977951463279878
19,LSTM,extended,2024-03-04,-3.0855772495269775,-3.985628604888916,0.04570363215298507,0.018580750693917448
19,LSTM,extended,2024-03-05,-2.8850913047790527,-3.6995737552642822,0.055849677395861684,0.02473405698960659
19,LSTM,extended,2024-03-06,-2.6951935291290283,-3.5734710693359375,0.0675292964029183,0.028058282179284886
19,LSTM,extended,2024-03-07,-3.412903308868408,-3.458315849304199,0.03294540285728639,0.03148272907208889
19,LSTM,extended,2024-03-08,-3.25040602684021,-3.6043941974639893,0.038758461932774706,0.027203910025927723
20,LSTM,extended,2024-05-08,-3.7598259449005127,-3.4808521270751953,0.02328778535543183,0.030781160385464232
20,LSTM,extended,2024-05-09,-3.7394208908081055,-3.52309250831604,0.023767850994777285,0.02950803006138756
20,LSTM,extended,2024-05-10,-3.695983648300171,-3.5686190128326416,0.024823016830995873,0.02819475341365603
20,LSTM,extended,2024-05-11,-4.170661926269531,-3.4856884479522705,0.015442024435119786,0.030632652174655516
20,LSTM,extended,2024-05-12,-4.355260848999023,-3.5159521102905273,0.012839079122272149,0.029719483243906164
20,LSTM,extended,2024-05-13,-3.7321484088897705,-3.3010220527648926,0.023941334832332566,0.03684548011538644
20,LSTM,extended,2024-05-14,-3.659672498703003,-3.182950019836426,0.025740933705797314,0.041463147387864094
20,LSTM,extended,2024-05-15,-3.5803916454315186,-3.1788129806518555,0.027864771472031532,0.041635037407407434
20,LSTM,extended,2024-05-16,-3.6986427307128906,-3.061354637145996,0.024757094415511532,0.046824212407374485
20,LSTM,extended,2024-05-17,-3.7975382804870605,-3.0985090732574463,0.022425898245978276,0.04511640754812196
20,LSTM,extended,2024-05-18,-4.25803804397583,-3.174849510192871,0.01415002859593713,0.04180038414486586
20,LSTM,extended,2024-05-19,-4.219670295715332,-3.336268901824951,0.014703480407153628,0.035569413457543504
20,LSTM,extended,2024-05-20,-3.80127215385437,-3.259235382080078,0.022342320476924294,0.038417751699161354
20,LSTM,extended,2024-05-21,-3.5324478149414062,-3.248030185699463,0.02923326097651096,0.038850651095446075
20,LSTM,extended,2024-05-22,-3.9145922660827637,-3.207519054412842,0.019948672569247507,0.040456850135729056
20,LSTM,extended,2024-05-23,-3.7599432468414307,-3.2262682914733887,0.02328505293761413,0.039705381618761595
20,LSTM,extended,2024-05-24,-3.584388017654419,-3.280754566192627,0.02775363770185326,0.037599864506211084
20,LSTM,extended,2024-05-25,-4.408971786499023,-3.195472002029419,0.012167672675480608,0.04094718365563173
20,LSTM,extended,2024-05-26,-4.4851813316345215,-3.4885687828063965,0.011274831431328567,0.03054454679752607
20,LSTM,extended,2024-05-27,-4.029731273651123,-3.3848214149475098,0.017779092814029642,0.03388368292646643
20,LSTM,extended,2024-05-28,-3.646872043609619,-3.3032145500183105,0.026072542711284032,0.03676478497377122
20,LSTM,extended,2024-05-29,-3.8101022243499756,-2.9785139560699463,0.02214590247891632,0.050868360358726966
20,LSTM,extended,2024-05-30,-3.9143331050872803,-3.0260608196258545,0.01995383993348434,0.04850632749254683
20,LSTM,extended,2024-05-31,-3.892848014831543,-3.1195898056030273,0.020387189571585324,0.04417527515820309
20,LSTM,extended,2024-06-01,-4.46685266494751,-3.194871664047241,0.01148338998423648,0.04097177319152445
20,LSTM,extended,2024-06-02,-4.318614482879639,-3.4208998680114746,0.013318314561074242,0.03268300130591936
20,LSTM,extended,2024-06-03,-3.809042453765869,-3.2825775146484375,0.022169389114960737,0.03753138430993946
20,LSTM,extended,2024-06-04,-3.9008002281188965,-3.2185425758361816,0.020225711562983667,0.040013322182625856
20,LSTM,extended,2024-06-05,-3.9269230365753174,-3.354186534881592,0.019704196215613503,0.03493776926302498
20,LSTM,extended,2024-06-06,-4.171311855316162,-3.3268167972564697,0.015431992064233778,0.03590721331229961
21,LSTM,extended,2024-08-06,-2.9307701587677,-3.119398832321167,0.05335591769272542,0.044183712262992024
21,LSTM,extended,2024-08-07,-3.2412261962890625,-3.3235576152801514,0.03911589573290089,0.03602443240275111
21,LSTM,extended,2024-08-08,-2.9986519813537598,-3.3984711170196533,0.04985421902219307,0.03342432280938081
21,LSTM,extended,2024-08-09,-3.1708834171295166,-3.3831734657287598,0.041966498851269705,0.033939567566630184
21,LSTM,extended,2024-08-10,-3.769284725189209,-3.3970534801483154,0.02306854802562863,0.03347173997819351
21,LSTM,extended,2024-08-11,-3.9361486434936523,-3.613250255584717,0.019523252764044135,0.02696405418534992
21,LSTM,extended,2024-08-12,-3.1528127193450928,-3.682966947555542,0.04273175384914126,0.025148240498106156
21,LSTM,extended,2024-08-13,-3.4448506832122803,-3.3622448444366455,0.031909517254922734,0.03465736114764352
21,LSTM,extended,2024-08-14,-3.533673048019409,-3.485767126083374,0.029197466630989155,0.030630242148854292
21,LSTM,extended,2024-08-15,-3.4795360565185547,-3.551450729370117,0.030821694266125015,0.028682988188399018
21,LSTM,extended,2024-08-16,-3.3880794048309326,-3.587953567504883,0.03377346835050173,0.027654856372209442
21,LSTM,extended,2024-08-17,-4.257915019989014,-3.6006720066070557,0.014151765558794683,0.027305356893496106
21,LSTM,extended,2024-08-18,-4.135832786560059,-3.892014741897583,0.01598933522405583,0.020404185410530847
21,LSTM,extended,2024-08-19,-3.7217419147491455,-3.892550468444824,0.024191779136371244,0.02039325726888349
21,LSTM,extended,2024-08-20,-3.6015818119049072,-3.7083165645599365,0.027280525696478063,0.024518754305382428
21,LSTM,extended,2024-08-21,-3.6854896545410156,-3.733699083328247,0.025084878049413336,0.02390423828504949
21,LSTM,extended,2024-08-22,-3.678417205810547,-3.7555832862854004,0.025262917385765516,0.023386795427209138
21,LSTM,extended,2024-08-23,-3.50291109085083,-3.7256784439086914,0.03010959520100055,0.024096736588920767
21,LSTM,extended,2024-08-24,-3.9170942306518555,-3.6870675086975098,0.01989881994035989,0.025045329699536302
21,LSTM,extended,2024-08-25,-4.316543102264404,-3.76377534866333,0.013345931332103976,0.02319599186274587
21,LSTM,extended,2024-08-26,-3.8946855068206787,-3.9732472896575928,0.020349765564870486,0.01881223503244346
21,LSTM,extended,2024-08-27,-3.9470860958099365,-3.8045408725738525,0.019310881271247814,0.022269409320416315
21,LSTM,extended,2024-08-28,-3.132383346557617,-3.785402536392212,0.04361371834350267,0.022699713472612612
21,LSTM,extended,2024-08-29,-3.457634210586548,-3.561143398284912,0.03150419870448188,0.028406316393583993
21,LSTM,extended,2024-08-30,-3.597047805786133,-3.647336483001709,0.027404497314408173,0.026060438868699687
21,LSTM,extended,2024-08-31,-4.21178674697876,-3.693958044052124,0.014819854137167882,0.02487334710740382
21,LSTM,extended,2024-09-01,-3.8775768280029297,-3.9566948413848877,0.0207009184212859,0.019126215146283647
21,LSTM,extended,2024-09-02,-3.7613911628723145,-3.864166498184204,0.023251358711250458,0.020980392354726953
21,LSTM,extended,2024-09-03,-3.802873373031616,-3.849449872970581,0.022306576045588975,0.021291436217208432
21,LSTM,extended,2024-09-04,-3.2585878372192383,-3.8175103664398193,0.03844263893834409,0.02198245109697322
22,LSTM,extended,2024-11-04,-3.8269708156585693,-3.804708480834961,0.021775465253271335,0.022265677094552808
22,LSTM,extended,2024-11-05,-3.699439764022827,-3.7266299724578857,0.024737370858221565,0.024073818751816016
22,LSTM,extended,2024-11-06,-3.1645636558532715,-3.762723684310913,0.04223255130793198,0.02322039910288619
22,LSTM,extended,2024-11-07,-3.760654926300049,-3.553168296813965,0.02326848620710956,0.028633765488273035
22,LSTM,extended,2024-11-08,-3.8083293437957764,-3.849529981613159,0.022185204053854345,0.021289730656669427
22,LSTM,extended,2024-11-09,-4.328311920166016,-3.891249895095825,0.013189783261673759,0.020419797463786457
22,LSTM,extended,2024-11-10,-3.6651241779327393,-4.082101821899414,0.025600984749374212,0.016871956490659517
22,LSTM,extended,2024-11-11,-3.429105043411255,-3.8011467456817627,0.032415924877937374,0.022345122973590426
22,LSTM,extended,2024-11-12,-2.9037859439849854,-3.707171678543091,0.054815287515222834,0.024546841571076887
22,LSTM,extended,2024-11-13,-3.150930881500244,-3.498215675354004,0.04281224797620037,0.030251303457840707
22,LSTM,extended,2024-11-14,-3.017923355102539,-3.5590600967407227,0.04890265560046793,0.02846555702384667
22,LSTM,extended,2024-11-15,-3.2228238582611084,-3.4636709690093994,0.039842384532716046,0.031314585851072725
22,LSTM,extended,2024-11-16,-3.7757463455200195,-3.5649755001068115,0.022919970030765662,0.028297668765801396
22,LSTM,extended,2024-11-17,-3.951183319091797,-3.8674914836883545,0.019231922123295244,0.0209107486673141
22,LSTM,extended,2024-11-18,-3.488417625427246,-3.766812324523926,0.030549162488404027,0.023125653027760887
22,LSTM,extended,2024-11-19,-3.528487205505371,-3.488553285598755,0.02934927312831653,0.030545020156532942
22,LSTM,extended,2024-11-20,-3.5957531929016113,-3.5443360805511475,0.02743999908281607,0.02888778531352526
22,LSTM,extended,2024-11-21,-3.489858627319336,-3.6825246810913086,0.03050517428726422,0.025159365185792423
22,LSTM,extended,2024-11-22,-3.7214465141296387,-3.774940252304077,0.024198929610918893,0.022938451121187038
22,LSTM,extended,2024-11-23,-4.183502674102783,-3.9273924827575684,0.015245003681350216,0.019694950606133868
22,LSTM,extended,2024-11-24,-4.017428398132324,-4.113449573516846,0.017999178013273595,0.016351262212288754
22,LSTM,extended,2024-11-25,-3.6062521934509277,-3.953258752822876,0.027153414600390627,0.01919204758802128
22,LSTM,extended,2024-11-26,-3.3124969005584717,-3.6971261501312256,0.036425097762193874,0.024794670367479052
22,LSTM,extended,2024-11-27,-3.555175304412842,-3.56680965423584,0.028576353066323956,0.028245814030776497
22,LSTM,extended,2024-11-28,-3.8292300701141357,-3.756355047225952,0.02172632459914089,0.023368753367230235
22,LSTM,extended,2024-11-29,-3.884016990661621,-3.8163671493530273,0.020568027951674662,0.022007596192521857
22,LSTM,extended,2024-11-30,-4.340725898742676,-3.7660515308380127,0.013027060943692744,0.02314325358052072
22,LSTM,extended,2024-12-01,-4.366042613983154,-3.9688706398010254,0.012701392775795125,0.018894750079986873
22,LSTM,extended,2024-12-02,-3.642744541168213,-3.7479026317596436,0.0261803848504101,0.023567112992170222
22,LSTM,extended,2024-12-03,-3.7231078147888184,-3.5053865909576416,0.0241587594494228,0.03003514977828639
